{"cameraMode":{"drawMode":0,"name":"Shaded","section":"Shading Mode"},"sceneLighting":true,"audioPlay":false,"sceneViewState":{"showFog":true,"showMaterialUpdate":false,"showSkybox":true,"showFlares":true,"showImageEffects":true,"showParticleSystems":true},"in2DMode":false,"pivot":{"x":-0.21000003814697267,"y":2.4200000762939455,"z":0.4099998474121094},"rotation":{"x":-0.20254874229431153,"y":-0.37123066186904909,"z":0.08333002775907517,"w":-0.902340292930603},"size":27.380720138549806,"orthographic":false}