{"cameraMode":{"drawMode":0,"name":"Shaded","section":"Shading Mode"},"sceneLighting":false,"audioPlay":false,"sceneViewState":{"showFog":true,"showMaterialUpdate":false,"showSkybox":true,"showFlares":true,"showImageEffects":true,"showParticleSystems":true},"in2DMode":false,"pivot":{"x":180.1199951171875,"y":0.2623797059059143,"z":231.16000366210938},"rotation":{"x":-0.20254874229431153,"y":-0.37123066186904909,"z":0.08333002775907517,"w":-0.902340292930603},"size":1.0185219049453736,"orthographic":false}